{
  "crop": [
    372,
    165,
    649,
    859
  ],
  "freestyle_changed_pixels": 14970,
  "freestyle_only_pixels": 4893,
  "freestyle_pixels_recalled_by_screen": 0.6731462925851703,
  "freestyle_seconds": 50.71,
  "intersection_over_union": 0.37308404294705666,
  "screen_changed_pixels": 22117,
  "screen_only_pixels": 12040,
  "screen_seconds": 10.02,
  "shared_changed_pixels": 10077,
  "speedup": 5.060878243512974,
  "threshold": 24,
  "total_pixels": 1048576
}
